order_id,customer_id,order_date,order_total
1001,1,2024-01-10,199.99
1002,2,2024-01-12,150.00
1003,1,2024-01-15,120.00
1004,3,2024-01-20,80.00
1005,5,2024-02-01,75.00
1006,5,2024-02-10,60.00
1007,7,2024-02-15,250.00
1008,8,2024-02-20,180.00
1009,10,2024-03-01,90.00
1010,2,2024-03-05,300.00
1011,4,2024-03-10,50.00
1012,9,2024-03-15,220.00
1013,3,2024-03-18,130.00
1014,1,2024-03-20,330.00
1015,6,2024-03-25,95.00
