order_id,customer_id,order_date,order_total
1001,1,2024-01-10,199.99
1003,1,2024-01-15,120.0
1014,1,2024-03-20,330.0
1002,2,2024-01-12,150.0
1010,2,2024-03-05,300.0
1004,3,2024-01-20,80.0
1013,3,2024-03-18,130.0
1011,4,2024-03-10,50.0
1005,5,2024-02-01,75.0
1006,5,2024-02-10,60.0
1015,6,2024-03-25,95.0
1007,7,2024-02-15,250.0
1008,8,2024-02-20,180.0
1012,9,2024-03-15,220.0
1009,10,2024-03-01,90.0